Question,Answer,Answer_Truncated
"Soft OTP là hình thức xác thực thế nào, gồm những loại nào và phần mềm Soft OTP cần tuân thủ những yêu cầu cụ thể gì theo quy định?","Căn cứ tại điểm d khoản 3 Điều 11 Thông tư 50/2024/TT-NHNN quy định về Soft OTP là hình thức xác nhận thông qua mã OTP được tạo bởi phần mềm cài đặt trên thiết bị di động của khách hàng, phần mềm Soft OTP có thể là phần mềm độc lập hoặc được tích hợp với phần mềm ứng dụng Mobile Banking.
- Soft OTP có 02 loại:
+ Soft OTP loại cơ bản: Mã OTP được sinh ngẫu nhiên theo thời gian, đồng bộ với hệ thống Online Banking;
+ Soft OTP loại nâng cao: Mã OTP được tạo kết hợp với mã của từng giao dịch, khi thực hiện giao dịch, hệ thống Online Banking tạo ra một mã giao dịch thông báo cho khách hàng hoặc truyền cho phần mềm Soft OTP, khách hàng hoặc phần mềm Soft OTP tự động nhập mã giao dịch vào phần mềm Soft OTP để phần mềm Soft OTP tạo ra mã OTP.
- Soft OTP phải đáp ứng yêu cầu như sau:
+ Trường hợp phần mềm Soft OTP độc lập với phần mềm ứng dụng Mobile Banking, phải được đơn vị đăng ký, quản lý tại kho ứng dụng chính thức của hãng cung cấp hệ điều hành cho thiết bị di động và hướng dẫn cài đặt rõ ràng trên trang tin điện tử của đơn vị để khách hàng tải và cài đặt phần mềm Soft OTP;
+ Phần mềm Soft OTP phải yêu cầu kích hoạt trước khi sử dụng. Mã kích hoạt sử dụng Soft OTP do đơn vị cung cấp cho khách hàng và chỉ được sử dụng để kích hoạt trên một thiết bị di động. Mã kích hoạt phải được thiết lập thời hạn hiệu lực sử dụng;
+ Phần mềm Soft OTP phải có chức năng kiểm soát truy cập. Trường hợp truy cập sai liên tiếp quá số lần do đơn vị quy định (nhưng không quá 10 lần), phần mềm Soft OTP phải tự động khóa không cho khách hàng sử dụng tiếp. Đơn vị chỉ mở khóa phần mềm Soft OTP khi khách hàng yêu cầu và phải kiểm tra, nhận biết khách hàng trước khi thực hiện mở khóa, bảo đảm chống gian lận, giả mạo.
+ Trường hợp phần mềm Soft OTP độc lập với phần mềm ứng dụng Mobile Banking phải có chức năng kiểm tra khách hàng cá nhân trước khi cho phép khách hàng sử dụng lần đầu hoặc trước khi khách hàng sử dụng trên thiết bị khác với thiết bị sử dụng lần gần nhất. Việc kiểm tra khách hàng tối thiểu bao gồm:
++ Khớp đúng SMS OTP hoặc Voice OTP thông qua số điện thoại đã được khách hàng đăng ký,
++ Khớp đúng thông tin sinh trắc học của khách hàng;
+ Mã OTP có hiệu lực tối đa 02 phút.

Lưu ý: Thông tư 50/2024/TT-NHNN có hiệu lực thi hành kể từ ngày 01/01/2025, trừ trường hợp quy định tại:
- Điểm b khoản 1 Điều 4 Thông tư 50/2024/TT-NHNN, điểm d khoản 9 Điều 7 Thông tư 50/2024/TT-NHNN, khoản 3 và khoản 4 Điều 8 Thông tư 50/2024/TT-NHNN có hiệu lực thi hành kể từ ngày 01/07/2025.
- Điểm b khoản 1 Điều 10 Thông tư 50/2024/TT-NHNN có hiệu lực thi hành kể từ ngày 01/01/2026.
- Điểm c khoản 5, điểm c khoản 7 Điều 11 Thông tư 50/2024/TT-NHNN, điểm b (iv) khoản 1 Điều 20 Thông tư 50/2024/TT-NHNN có hiệu lực thi hành kể từ ngày 01/07/2026.","Căn cứ tại điểm d khoản 3 Điều 11 Thông tư 50/2024/TT-NHNN quy định về Soft OTP là hình thức xác nhận thông qua mã OTP được tạo bởi phần mềm cài đặt trên thiết bị di động của khách hàng, phần mềm Soft..."
"Nếu các bên thỏa thuận bù trừ công nợ và đẩy nhanh việc thanh toán, thì người vay vốn nước ngoài cần xử lý, điều chỉnh bảng kê nhu cầu sử dụng vốn (và phương án sử dụng vốn) như thế nào theo quy định hiện hành?","Theo điểm a khoản 4 Điều 7 Thông tư 08/2023/TT-NHNN quy định về phương án sử dụng vốn vay nước ngoài như sau:Phương án sử dụng vốn vay nước ngoài...4. Nguyên tắc lập bảng kê nhu cầu sử dụng vốn:a) Đối với mục đích thanh toán các khoản nợ ngắn hạn phải trả bằng tiền (không bao gồm các khoản nợ gốc phát sinh từ khoản vay trong nước):Bên đi vay kê khai tại bảng kê nhu cầu sử dụng vốn các nghĩa vụ thanh toán trong thời hạn của khoản vay trên cơ sở dự toán số tiền phải trả theo các chứng từ, tài liệu làm phát sinh nghĩa vụ thanh toán như hóa đơn, thỏa thuận, hợp đồng được ký kết, phát hành trước khi bên đi vay thực hiện rút vốn khoản vay.Trường hợp vì lý do khách quan như bên thụ hưởng không giao đủ hàng, các bên đàm phán được việc lùi thời hạn thanh toán hoặc đẩy nhanh lịch thanh toán, thanh toán bù trừ công nợ hoặc cơ quan thuế thông báo thay đổi số tiền thuế phải nộp dẫn tới giá trị thanh toán thực tế thay đổi so với giá trị ghi tại bảng kê nhu cầu sử dụng vốn, bên đi vay điều chỉnh Phương án sử dụng vốn vay nước ngoài trong đó cập nhật bảng kê nhu cầu sử dụng vốn phù hợp với thực tế và bổ sung thêm các khoản nợ ngắn hạn hợp pháp khác của bên đi vay có nghĩa vụ thanh toán trong thời hạn khoản vay (nếu có);...Theo đó, trong trường hợp vì lý do khách quan như việc các bên đàm phán được việc đẩy nhanh thanh toán bù trừ công nợ dẫn tới giá trị thanh toán thực tế thay đổi so với giá trị ghi tại bảng kê nhu cầu sử dụng vốn, bên đi vay điều chỉnh Phương án sử dụng vốn vay nước ngoài trong đó cập nhật bảng kê nhu cầu sử dụng vốn phù hợp với thực tế và bổ sung thêm các khoản nợ ngắn hạn hợp pháp khác của bên đi vay có nghĩa vụ thanh toán trong thời hạn khoản vay (nếu có)",Theo điểm a khoản 4 Điều 7 Thông tư 08/2023/TT-NHNN quy định về phương án sử dụng vốn vay nước ngoài như sau:Phương án sử dụng vốn vay nước ngoài...4. Nguyên tắc lập bảng kê nhu cầu sử dụng vốn:a) Đối...
"Theo Luật Các tổ chức tín dụng 2024, những nghĩa vụ và quyền chính của các nhà quản trị và điều hành tại tổ chức tín dụng bao gồm những gì?","Căn cứ theo Điều 48 Luật Các tổ chức tín dụng 2024, quyền và nghĩa vụ của người quản lý, người điều hành tổ chức tín dụng là:- Tuân thủ pháp luật, Điều lệ của tổ chức tín dụng, nghị quyết, quyết định của Đại hội đồng cổ đông, Đại hội thành viên, chủ sở hữu, thành viên góp vốn của tổ chức tín dụng.- Thực hiện quyền, nghĩa vụ được giao một cách trung thực, cẩn trọng, vì lợi ích của tổ chức tín dụng, cổ đông, thành viên góp vốn và chủ sở hữu của tổ chức tín dụng.- Không sử dụng thông tin, bí quyết, cơ hội kinh doanh của tổ chức tín dụng, lạm dụng địa vị, chức vụ và tài sản của tổ chức tín dụng để thu lợi cá nhân hoặc để phục vụ lợi ích của tổ chức, cá nhân khác làm tổn hại tới lợi ích của tổ chức tín dụng, cổ đông, thành viên góp vốn và chủ sở hữu của tổ chức tín dụng.- Chịu trách nhiệm trong việc chấp hành các quy định hạn chế để bảo đảm an toàn trong hoạt động ngân hàng của tổ chức tín dụng theo quy định.- Bảo đảm lưu trữ hồ sơ của tổ chức tín dụng để cung cấp được các số liệu phục vụ cho hoạt động quản lý, điều hành, kiểm soát mọi hoạt động của tổ chức tín dụng, hoạt động thanh tra, giám sát, kiểm tra của Ngân hàng Nhà nước.- Am hiểu về các loại rủi ro trong hoạt động của tổ chức tín dụng.- Thông báo kịp thời, đầy đủ, chính xác cho tổ chức tín dụng về quyền lợi của mình tại tổ chức khác, giao dịch với tổ chức, cá nhân khác có thể gây xung đột với lợi ích của tổ chức tín dụng và chỉ được tham gia vào giao dịch đó khi được Hội đồng quản trị, Hội đồng thành viên chấp thuận.- Không được tạo điều kiện để bản thân hoặc người có liên quan của mình vay vốn, sử dụng các dịch vụ ngân hàng khác của tổ chức tín dụng với những điều kiện ưu đãi, thuận lợi hơn so với quy định chung của tổ chức tín dụng.- Không được tăng thù lao, lương hoặc yêu cầu trả thưởng cho người quản lý, người điều hành khi tổ chức tín dụng đó bị lỗ.- Trong phạm vi quyền, nghĩa vụ được giao, có trách nhiệm thực hiện yêu cầu bằng văn bản của Ngân hàng Nhà nước đối với các nội dung thuộc thẩm quyền của Ngân hàng Nhà nước. Thực hiện khuyến nghị, cảnh báo rủi ro và an toàn hoạt động, cảnh báo nguy cơ dẫn đến vi phạm pháp luật về tiền tệ và ngân hàng; kết luận, kiến nghị, quyết định xử lý về thanh tra.- Quyền, nghĩa vụ khác theo quy định của pháp luật và Điều lệ của tổ chức tín dụng.","Căn cứ theo Điều 48 Luật Các tổ chức tín dụng 2024, quyền và nghĩa vụ của người quản lý, người điều hành tổ chức tín dụng là:- Tuân thủ pháp luật, Điều lệ của tổ chức tín dụng, nghị quyết, quyết định ..."
"Theo Thông tư 29/2024/TT-NHNN, những điều kiện cụ thể để cá nhân, hộ gia đình và pháp nhân được kết nạp làm thành viên quỹ tín dụng nhân dân gồm những gì?","Căn cứ theo Điều 8 Thông tư 29/2024/TT-NHNN quy định về điều kiện để trở thành thành viên như sau:(1) Đối với cá nhân- Công dân Việt Nam đủ 18 tuổi trở lên, có năng lực hành vi dân sự đầy đủ, đăng ký thường trú hoặc đăng ký tạm trú trên địa bàn hoạt động của quỹ tín dụng nhân dân.Trường hợp đăng ký tạm trú, cá nhân phải có hoạt động sản xuất, kinh doanh hoặc là người lao động làm việc trên địa bàn hoạt động của quỹ tín dụng nhân dân và phải có tài liệu chứng minh về vấn đề này;- Cán bộ, công chức, viên chức đang làm việc tại các tổ chức, cơ quan có trụ sở chính đóng trên địa bàn hoạt động của quỹ tín dụng nhân dân;- Không phải là người đang bị truy cứu trách nhiệm hình sự, đang phải chấp hành hình phạt tù; đang chấp hành biện pháp xử lý hành chính tại cơ sở cai nghiện bắt buộc, cơ sở giáo dục bắt buộc; đang bị Tòa án cấm đảm nhiệm chức vụ, cấm hành nghề hoặc làm công việc nhất định; người đã bị kết án từ tội phạm nghiêm trọng trở lên mà chưa được xóa án tích.(2) Đối với hộ gia đình- Là hộ gia đình có các thành viên thường trú trên địa bàn hoạt động của quỹ tín dụng nhân dân; các thành viên trong hộ có chung tài sản để phục vụ sản xuất, kinh doanh của hộ gia đình;- Các thành viên của hộ gia đình phải cử một thành viên của hộ gia đình làm người đại diện để thực hiện quyền, nghĩa vụ của thành viên quỹ tín dụng nhân dân.Người đại diện của hộ gia đình phải được các thành viên của hộ gia đình ủy quyền đại diện bằng văn bản theo quy định của pháp luật và phải đảm bảo các điều kiện theo quy định tại (1).(3) Đối với pháp nhân- Là pháp nhân (trừ Quỹ xã hội, Quỹ từ thiện) đang hoạt động hợp pháp và có trụ sở chính đặt tại địa bàn hoạt động của quỹ tín dụng nhân dân;- Người đại diện của pháp nhân tham gia thành viên của quỹ tín dụng nhân dân là người đại diện theo pháp luật của pháp nhân hoặc cá nhân được người đại diện theo pháp luật của pháp nhân ủy quyền tham gia.Lưu ý:- Cá nhân, hộ gia đình, pháp nhân phải có đơn tự nguyện tham gia thành viên quỹ tín dụng nhân dân, tán thành Điều lệ và góp đủ vốn góp theo quy định tại Điều 10 Thông tư 29/2024/TT-NHNN.- Mỗi đối tượng quy định tại (1), (2) và (3) chỉ được tham gia là thành viên của 01 (một) quỹ tín dụng nhân dân.- Hội đồng quản trị quyết định việc kết nạp thành viên và tổng hợp danh sách kết nạp trong kỳ báo cáo tại cuộc họp Đại hội thành viên gần nhất- Quỹ tín dụng nhân dân phải quy định trong Điều lệ về điều kiện, thủ tục kết nạp thành viên.","Căn cứ theo Điều 8 Thông tư 29/2024/TT-NHNN quy định về điều kiện để trở thành thành viên như sau:(1) Đối với cá nhân- Công dân Việt Nam đủ 18 tuổi trở lên, có năng lực hành vi dân sự đầy đủ, đăng ký ..."
"Thanh toán theo hình thức ủy nhiệm thu được hiểu như thế nào và Thông tư 15/2024/TT-NHNN quy định những quy trình, nghĩa vụ và thời hạn xử lý nào đối với ngân hàng khi cung ứng dịch vụ này?","Căn cứ tại khoản 4 Điều 3 Thông tư 15/2024/TT-NHNN quy định về giải thích dịch vụ thanh toán ủy nhiệm thu như sau:Điều 3. Giải thích từ ngữTrong Thông tư này, các từ ngữ dưới đây được hiểu như sau:[...]4. Dịch vụ thanh toán nhờ thu, ủy nhiệm thu (sau đây gọi chung là dịch vụ thanh toán ủy nhiệm thu) là việc ngân hàng thực hiện theo đề nghị của bên thụ hưởng trích một số tiền nhất định trên tài khoản thanh toán của bên trả tiền để chuyển cho bên thụ hưởng trên cơ sở thỏa thuận bằng văn bản về việc ủy nhiệm thu giữa bên trả tiền và bên thụ hưởng.[...]Như vậy, dịch vụ thanh toán ủy nhiệm thu (còn gọi là dịch vụ thanh toán nhờ thu, ủy nhiệm thu) là việc ngân hàng thực hiện theo đề nghị của bên thụ hưởng trích một số tiền nhất định trên tài khoản thanh toán của bên trả tiền để chuyển cho bên thụ hưởng trên cơ sở thỏa thuận bằng văn bản về việc ủy nhiệm thu giữa bên trả tiền và bên thụ hưởng.

Quy định về dịch vụ thanh toán ủy nhiệm thu theo Thông tư 15/2024/TT-NHNN (Căn cứ theo Điều 9) như sau:
Ngân hàng thực hiện cung ứng dịch vụ thanh toán ủy nhiệm thu đảm bảo xử lý nhanh chóng, chặt chẽ, chính xác, an toàn, bảo mật đúng pháp luật; ban hành quy trình nội bộ, trong đó phải có các nội dung sau:
(1) Lập, gửi chứng từ ủy nhiệm thu
Bên thụ hưởng lập ủy nhiệm thu kèm theo văn bản thỏa thuận giữa bên trả tiền và bên thụ hưởng về việc ủy nhiệm thu và các chứng từ khác (nếu có) gửi ngân hàng phục vụ mình hoặc ngân hàng phục vụ bên trả tiền. Ngân hàng hướng dẫn khách hàng lập, phương thức gửi chứng từ đảm bảo phù hợp với quy định tại Thông tư 15/2024/TT-NHNN và các quy định hiện hành của Ngân hàng Nhà nước.
(2) Kiểm soát ủy nhiệm thu
- Tại ngân hàng phục vụ bên thụ hưởng: Khi nhận được ủy nhiệm thu và các chứng từ kèm theo của khách hàng, ngân hàng phải kiểm soát chặt chẽ đảm bảo tính hợp pháp, hợp lệ của ủy nhiệm thu theo quy định về chế độ chứng từ kế toán ngân hàng. Nếu ủy nhiệm thu không hợp pháp, hợp lệ thì ngân hàng báo cho khách hàng để chỉnh sửa, bổ sung hoặc trả lại cho khách hàng.
- Tại ngân hàng phục vụ bên trả tiền: Khi nhận được hồ sơ thanh toán ủy nhiệm thu, ngân hàng tiến hành kiểm soát ủy nhiệm thu hợp pháp, hợp lệ và kiểm tra khả năng thanh toán.
Nếu ủy nhiệm thu có sai sót, chậm nhất trong 01 ngày làm việc kể từ thời điểm nhận ủy nhiệm thu, ngân hàng phục vụ bên trả tiền gửi yêu cầu tra soát hoặc trả lại ủy nhiệm thu cho ngân hàng phục vụ bên thụ hưởng hoặc bên thụ hưởng. Nếu tài khoản bên trả tiền đã đóng, chậm nhất trong 01 ngày làm việc kể từ thời điểm nhận ủy nhiệm thu, ngân hàng phục vụ bên trả tiền trả lại ủy nhiệm thu cho ngân hàng phục vụ bên thụ hưởng hoặc bên thụ hưởng.
(3) Xử lý chứng từ và hạch toán
- Đối với trường hợp bên trả tiền có tài khoản thanh toán tại ngân hàng phục vụ bên thụ hưởng:
Sau khi kiểm soát ủy nhiệm thu, ngân hàng kiểm tra thỏa thuận thanh toán bằng ủy nhiệm thu giữa bên trả tiền và bên thụ hưởng và xử lý:
+ Trường hợp bên trả tiền đã ủy quyền cho ngân hàng được quyền tự động trích nợ tài khoản thanh toán của bên trả tiền để thanh toán ủy nhiệm thu:
Nếu bên trả tiền đảm bảo khả năng thanh toán, chậm nhất trong 01 ngày làm việc kể từ thời điểm nhận được ủy nhiệm thu, ngân hàng phải hạch toán vào tài khoản thanh toán của bên trả tiền, bên thụ hưởng và báo Nợ cho bên trả tiền, báo Có cho bên thụ hưởng.
Nếu bên trả tiền không đảm bảo khả năng thanh toán, chậm nhất trong 01 ngày làm việc kể từ thời điểm nhận được ủy nhiệm thu, ngân hàng phải báo cho bên trả tiền, bên thụ hưởng biết và trả lại ủy nhiệm thu cho bên thụ hưởng (nếu bên thụ hưởng yêu cầu) hoặc tiếp tục lưu giữ ủy nhiệm thu đến khi bên trả tiền đảm bảo khả năng thanh toán. Khi bên trả tiền đảm bảo khả năng thanh toán, ngân hàng phải hạch toán vào tài khoản thanh toán của bên trả tiền, bên thụ hưởng và báo Nợ cho bên trả tiền, báo Có cho bên thụ hưởng.
+ Trường hợp bên trả tiền chưa ủy quyền cho ngân hàng được quyền tự động trích nợ tài khoản thanh toán của bên trả tiền để thanh toán ủy nhiệm thu, ngân hàng phải thông báo ủy nhiệm thu cho bên trả tiền.
Nếu bên trả tiền chấp thuận ủy quyền trích nợ tài khoản thanh toán, chậm nhất trong 01 ngày làm việc kể từ thời điểm nhận ủy quyền trích nợ của bên trả tiền, ngân hàng tiến hành xử lý hạch toán vào tài khoản thanh toán của bên trả tiền, bên thụ hưởng và báo Nợ cho bên trả tiền, báo Có cho bên thụ hưởng.
Nếu bên trả tiền không chấp thuận ủy quyền trích nợ, ngân hàng thông báo ngay và gửi trả ủy nhiệm thu cho bên thụ hưởng.
+ Việc ủy quyền trích nợ tài khoản thanh toán do ngân hàng quy định phù hợp với quy định của pháp luật về ủy quyền.
- Đối với trường hợp bên trả tiền không có tài khoản thanh toán tại ngân hàng phục vụ bên thụ hưởng:
+ Sau khi kiểm soát ủy nhiệm thu hợp pháp, hợp lệ, ngân hàng phục vụ bên thụ hưởng có hình thức theo dõi phù hợp chứng từ đã được xử lý và chậm nhất trong 01 ngày làm việc kể từ thời điểm nhận được ủy nhiệm thu, ngân hàng gửi đi cho ngân hàng phục vụ bên trả tiền.
+ Khi nhận được ủy nhiệm thu và các chứng từ kèm theo (nếu có) do ngân hàng phục vụ bên thụ hưởng hoặc bên thụ hưởng gửi đến, sau khi kiểm soát ủy nhiệm thu hợp pháp, hợp lệ, ngân hàng phục vụ bên trả tiền kiểm tra thỏa thuận ủy quyền trích nợ tài khoản thanh toán và tiến hành xử lý, hạch toán vào tài khoản thanh toán bên trả tiền như trường hợp bên trả tiền có tài khoản thanh toán tại ngân hàng phục vụ bên thụ hưởng;
Đồng thời lập lệnh chuyển tiền gửi ngân hàng phục vụ bên thụ hưởng theo hệ thống thanh toán thích hợp.
+ Khi nhận được lệnh chuyển tiền do ngân hàng phục vụ bên trả tiền chuyển đến, chậm nhất trong 01 ngày làm việc, ngân hàng phục vụ bên thụ hưởng căn cứ lệnh chuyển tiền để hạch toán vào tài khoản thích hợp và báo Có cho bên thụ hưởng.
(4) Ngân hàng thực hiện báo Nợ, báo Có đầy đủ, kịp thời cho khách hàng theo phương thức, thời điểm báo Nợ, báo Có đã được thỏa thuận giữa ngân hàng và khách hàng phù hợp với quy định của pháp luật.

(Nguồn trích dẫn: Thông tư 15/2024/TT-NHNN, Điều 3 khoản 4 và Điều 9, nội dung trích dẫn như trong văn bản nguồn.)","Căn cứ tại khoản 4 Điều 3 Thông tư 15/2024/TT-NHNN quy định về giải thích dịch vụ thanh toán ủy nhiệm thu như sau:Điều 3. Giải thích từ ngữTrong Thông tư này, các từ ngữ dưới đây được hiểu như sau:[....."
"Thuế giá trị gia tăng đầu vào phát sinh khi tổ chức tín dụng mua sắm tài sản cố định có được khấu trừ không? Nếu không, các quy định pháp lý nào quy định điều này, và khi mua thiết bị nhỏ dưới 30 triệu đồng nên xử lý thuế GTGT như thế nào?","Thuế GTGT đầu vào đối với tài sản cố định của tổ chức tín dụng có được khấu trừ hay không?Căn cứ khoản 1 Điều 3 Thông tư 45/2013/TT-BTC quy định về tiêu chuẩn và nhận biết tài sản cố định:Điều 3. Tiêu chuẩn và nhận biết tài sản cố định:1. Tư liệu lao động là những tài sản hữu hình có kết cấu độc lập, hoặc là một hệ thống gồm nhiều bộ phận tài sản riêng lẻ liên kết với nhau để cùng thực hiện một hay một số chức năng nhất định mà nếu thiếu bất kỳ một bộ phận nào thì cả hệ thống không thể hoạt động được, nếu thoả mãn đồng thời cả ba tiêu chuẩn dưới đây thì được coi là tài sản cố định:a) Chắc chắn thu được lợi ích kinh tế trong tương lai từ việc sử dụng tài sản đó;b) Có thời gian sử dụng trên 1 năm trở lên;c) Nguyên giá tài sản phải được xác định một cách tin cậy và có giá trị từ 30.000.000 đồng (Ba mươi triệu đồng) trở lên.[...]Theo khoản 3 Điều 14 Thông tư 219/2013/TT-BTC được sửa đổi bởi Điều 9 Thông tư 151/2014/TT-BTC quy định cụ thể:Điều 14. Nguyên tắc khấu trừ thuế giá trị gia tăng[...]3. Thuế GTGT đầu vào của tài sản cố định, máy móc, thiết bị, kể cả thuế GTGT đầu vào của hoạt động đi thuê những tài sản, máy móc, thiết bị này và thuế GTGT đầu vào khác liên quan đến tài sản, máy móc, thiết bị như bảo hành, sửa chữa trong các trường hợp sau đây không được khấu trừ mà tính vào nguyên giá của tài sản cố định hoặc chi phí được trừ theo quy định của Luật thuế thu nhập doanh nghiệp và các văn bản hướng dẫn thi hành: Tài sản cố định chuyên dùng phục vụ sản xuất vũ khí, khí tài phục vụ quốc phòng, an ninh; tài sản cố định, máy móc, thiết bị của các tổ chức tín dụng, doanh nghiệp kinh doanh tái bảo hiểm, bảo hiểm nhân thọ, kinh doanh chứng khoán, cơ sở khám, chữa bệnh, cơ sở đào tạo; tàu bay dân dụng, du thuyền không sử dụng cho mục đích kinh doanh vận chuyển hàng hóa, hành khách, kinh doanh du lịch, khách sạn.[...]Đồng thời, tại Công văn 3499/CT-TTHT năm 2013 của Cục thuế TP Hồ Chí Minh có hướng dẫn như sau:Căn cứ hướng dẫn nêu trên, thuế GTGT đầu vào đối với tài sản cố định của tổ chức tín dụng không được khấu trừ mà tính vào nguyên giá tài sản cố định. Trường hợp của Ngân hàng (tổ chức tín dụng) khi mua máy móc, thiết bị như máy vi tính, máy in...có giá trị dưới 30.000.000 đồng từ ngày 10/06/2013 (ngày có hiệu lực thi hành của Thông tư số 45/2013/TT-BTC) thì thuế GTGT đầu vào của máy móc, thiết bị này không phải là tài sản cố định nếu sử dụng vào hoạt động không chịu thuế GTGT thì không được khấu trừ. Trường hợp máy móc, thiết bị này sử dụng đồng thời cho hoạt động sản xuất kinh doanh chịu thuế và không chịu thuế GTGT thì số thuế GTGT đầu vào được phân bổ theo hướng dẫn tại Khoản 2 Điều 14 Thông tư số 06/2012/TT-BTC nêu trên.Như vậy, theo quy định, thuế GTGT đầu vào đối với tài sản cố định của tổ chức tín dụng không được khấu trừ mà tính vào nguyên giá tài sản cố định.Trường hợp của Ngân hàng (tổ chức tín dụng) khi mua máy móc, thiết bị như máy vi tính, máy in...có giá trị dưới 30.000.000 đồng từ ngày 10/06/2013 (ngày có hiệu lực thi hành của Thông tư 45/2013/TT-BTC) thì thuế GTGT đầu vào của máy móc, thiết bị này không phải là tài sản cố định nếu sử dụng vào hoạt động không chịu thuế GTGT thì không được khấu trừ.Trường hợp máy móc, thiết bị này sử dụng đồng thời cho hoạt động sản xuất kinh doanh chịu thuế và không chịu thuế GTGT thì số thuế GTGT đầu vào được phân bổ theo hướng dẫn tại khoản 2 Điều 14 Thông tư 219/2013/TT-BTC.",Thuế GTGT đầu vào đối với tài sản cố định của tổ chức tín dụng có được khấu trừ hay không?Căn cứ khoản 1 Điều 3 Thông tư 45/2013/TT-BTC quy định về tiêu chuẩn và nhận biết tài sản cố định:Điều 3. Tiêu...
Những tiêu chí nào phải thỏa mãn để người vừa chấp hành xong án phạt tù được vay vốn từ Ngân hàng Chính sách Xã hội?,"Tại điểm a khoản 2 Điều 3 Quyết định 22/2023/QĐ-TTg quy định về điều kiện vay vốn như sau:
Điều 3. Đối tượng và điều kiện vay vốn...2. Điều kiện vay vốna) Người chấp hành xong án phạt tù: Có nhu cầu vay vốn; có tên trong danh sách người chấp hành xong án phạt tù về cư trú tại địa phương, chấp hành tốt các quy định của pháp luật, không tham gia các tệ nạn xã hội, do Công an cấp xã lập và được Ủy ban nhân dân cấp xã xác nhận theo Mẫu số 01 kèm theo Quyết định này. Thời gian kể từ khi chấp hành xong án phạt tù đến thời điểm vay vốn tối đa là 05 năm;

Như vậy, đối với người chấp hành xong án phạt tù thì điều kiện vay vốn tại Ngân hàng chính sách xã hội như sau:
- Có nhu cầu vay vốn;
- Có tên trong danh sách người chấp hành xong án phạt tù về cư trú tại địa phương, chấp hành tốt các quy định của pháp luật, không tham gia các tệ nạn xã hội, do Công an cấp xã lập và được Ủy ban nhân dân cấp xã xác nhận theo Mẫu số 01 kèm theo Quyết định 22/2023/QĐ-TTg. Thời gian kể từ khi chấp hành xong án phạt tù đến thời điểm vay vốn tối đa là 05 năm.","Tại điểm a khoản 2 Điều 3 Quyết định 22/2023/QĐ-TTg quy định về điều kiện vay vốn như sau:
Điều 3. Đối tượng và điều kiện vay vốn...2. Điều kiện vay vốna) Người chấp hành xong án phạt tù: Có nhu cầu v..."
"Theo quy định hiện hành, đơn đề nghị để yêu cầu hủy mã ngân hàng năm 2024 phải dùng mẫu biểu nào?","Mẫu đơn đề nghị hủy mã ngân hàng mới nhất năm 2024 đang được áp dụng theo mẫu tại Phụ lục số 02 ban hành kèm theo Thông tư 18/2023/TT-NHNN.
Dưới đây là mẫu đơn đề nghị hủy mã ngân hàng mới nhất năm 2024:
Tải về mẫu đơn đề nghị hủy mã ngân hàng mới nhất năm 2024:Tại đây
Mẫu đơn đề nghị hủy mã ngân hàng mới nhất năm 2024? (Hình từ Internet)","Mẫu đơn đề nghị hủy mã ngân hàng mới nhất năm 2024 đang được áp dụng theo mẫu tại Phụ lục số 02 ban hành kèm theo Thông tư 18/2023/TT-NHNN.
Dưới đây là mẫu đơn đề nghị hủy mã ngân hàng mới nhất năm 20..."
"Kể từ ngày 1/1/2025, theo quy định mới, ngân hàng có được phép bán (chuyển nhượng) toàn bộ hoặc một phần dự án bất động sản đang là tài sản bảo đảm để thu hồi nợ hay không?","Theo khoản 38 Điều 4 Luật Các tổ chức tín dụng 2024 có quy định như sau:Giải thích từ ngữ Trong Luật này, các từ ngữ dưới đây được hiểu như sau:.....38. Tổ chức tín dụng là tổ chức kinh tế có tư cách pháp nhân thực hiện một, một số hoặc tất cả hoạt động ngân hàng theo quy định của Luật này. Tổ chức tín dụng bao gồm ngân hàng, tổ chức tín dụng phi ngân hàng, tổ chức tài chính vi mô và quỹ tín dụng nhân dân......

Căn cứ theo khoản 3 Điều 200 Luật Các tổ chức tín dụng 2024 quy định về chuyển nhượng tài sản bảo đảm như sau:Chuyển nhượng tài sản bảo đảm....3. Tổ chức tín dụng, chi nhánh ngân hàng nước ngoài, công ty quản lý nợ và khai thác tài sản của tổ chức tín dụng, công ty quản lý tài sản của các tổ chức tín dụng Việt Nam thành lập và hoạt động theo quy định của pháp luật về các tổ chức tín dụng được quyền chuyển nhượng toàn bộ hoặc một phần dự án bất động sản là tài sản bảo đảm để thu hồi nợ theo quy định về chuyển nhượng toàn bộ hoặc một phần dự án bất động sản của Luật Kinh doanh bất động sản và quy định khác của pháp luật có liên quan nhưng không phải áp dụng quy định về điều kiện chủ thể kinh doanh bất động sản đối với bên chuyển nhượng dự án bất động sản của Luật Kinh doanh bất động sản.

Ngoài ra, theo Điều 209 Luật Các tổ chức tín dụng 2024 quy định về hiệu lực thi hành như sau:Hiệu lực thi hành1. Luật này có hiệu lực thi hành từ ngày 01 tháng 7 năm 2024, trừ quy định tại khoản 2 Điều này.2. Khoản 3 Điều 200 và khoản 15 Điều 210 của Luật này có hiệu lực thi hành từ ngày 01 tháng 01 năm 2025.3. Luật Các tổ chức tín dụng số 47/2010/QH12 đã được sửa đổi, bổ sung một số điều theo Luật số 17/2017/QH14 hết hiệu lực kể từ ngày Luật này có hiệu lực thi hành, trừ quy định tại các khoản 1, 2, 3, 4, 8, 9, 12 và 14 Điều 210 của Luật này.

Như vậy, đối với các khoản nợ quá hạn có tài sản bảo đảm là dự án bất động sản thì ngân hàng được quyền chuyển nhượng toàn bộ hoặc một phần dự án đấy theo Luật Kinh doanh bất động sản 2014 và quy định khác của pháp luật có liên quan nhưng không cần áp dụng quy định về điều kiện chủ thể kinh doanh bất động sản đối với bên chuyển nhượng dự án bất động sản của Luật Kinh doanh bất động sản để thu hồi nợ.

Ngoài ra, nội dung này là một trong các quy định mới tại Luật Các tổ chức tín dụng 2024 có hiệu thi hành kể từ ngày 01/01/2025 và Luật Các tổ chức tín dụng 2024 được áp dụng kể từ ngày 01/07/2024.","Theo khoản 38 Điều 4 Luật Các tổ chức tín dụng 2024 có quy định như sau:Giải thích từ ngữ Trong Luật này, các từ ngữ dưới đây được hiểu như sau:.....38. Tổ chức tín dụng là tổ chức kinh tế có tư cách ..."
Trong trường hợp nào tổ chức tín dụng được phép tiến hành thu giữ tài sản đảm bảo của một khoản nợ xấu theo quy định hiện hành?,"Ngân hàng có quyền thu giữ tài sản bảo đảm của khoản nợ xấu khi đáp ứng các điều kiện sau đây:
- Khi xảy ra trường hợp xử lý tài sản bảo đảm theo quy định tại Điều 299 của Bộ luật Dân sự 2015;
- Hợp đồng bảo đảm có thỏa thuận về việc bên bảo đảm đồng ý cho bên nhận bảo đảm có quyền thu giữ tài sản bảo đảm của khoản nợ xấu khi xảy ra trường hợp xử lý tài sản bảo đảm theo quy định của pháp luật về bảo đảm thực hiện nghĩa vụ;
- Biện pháp bảo đảm đã phát sinh hiệu lực đối kháng với người thứ ba theo quy định của pháp luật về bảo đảm thực hiện nghĩa vụ;
- Tài sản bảo đảm không phải là tài sản tranh chấp trong vụ án đã được thụ lý nhưng chưa được giải quyết hoặc đang được giải quyết tại Tòa án có thẩm quyền; không đang bị Tòa án áp dụng biện pháp khẩn cấp tạm thời; không đang bị kê biên hoặc áp dụng biện pháp bảo đảm thi hành án theo quy định của pháp luật; không thuộc trường hợp bị tạm đình chỉ xử lý theo quy định của pháp luật về phá sản;
- Tài sản bảo đảm được thu giữ phải đáp ứng điều kiện theo quy định của Chính phủ;
- Tổ chức tín dụng, chi nhánh ngân hàng nước ngoài, tổ chức mua bán, xử lý nợ đã thực hiện nghĩa vụ công khai thông tin theo quy định tại khoản 3 hoặc khoản 4 Điều 198a Luật Các tổ chức tín dụng 2024.","Ngân hàng có quyền thu giữ tài sản bảo đảm của khoản nợ xấu khi đáp ứng các điều kiện sau đây:
- Khi xảy ra trường hợp xử lý tài sản bảo đảm theo quy định tại Điều 299 của Bộ luật Dân sự 2015;
- Hợp đ..."
